Title,Category,Upvotes
"Oh, what a surprise, you caught me again...",funny,7491
TIFU by getting Reddit banned in Russia,tifu,7233
Look what just went up on Broadway.,pics,6859
Former President Jimmy Carter reveals he has cancer,news,6443
"If Leonardo Dicaprio ever wins an Oscar, he should pull out a dusty piece of paper and do an acceptance speech as if it's from 1993",Showerthoughts,5552
Girl at Disneyworld challenges Gaston to an arm wresting contest.,gifs,5578
Huge explosion reported in Chinese port city of Tianjin,worldnews,8126
"TIL in Finland, speeding tickes are calculated on a percentage of a person's income. This causes some Finnish millionaires to face fines of over $100,000.",todayilearned,6516
"Huge explosion in Tianjin, China",videos,7850
Found this gem at my local Gamestop,gaming,5230
"My parents: from refugee camp (left, circa 1983) to Montreal (right, 1990).",OldSchoolCool,6549
Earth and moon as seen from Mars,space,6358
Lightning strikes in front of a rainbow in a southern Arizona desert [Greg McCown] [1800x1260],EarthPorn,6158
THE HATEFUL EIGHT - Official Teaser Trailer,movies,6929
Hammock &amp; Husky,aww,7015
Had a Filipino boodle fight experience,food,2666
"We don’t need to drink less soda, according to research funded by Coca-Cola",nottheonion,3842
LPT: How to get free internet on US Airways flights,LifeProTips,4978
ELI5: Why does smelling something like wasabi or horseradish immediately clear your sinuses?,explainlikeimfive,3081
‘Rick And Morty’ Renewed For Season 3 By Adult Swim,television,6207
IamA Mike Shinoda AMA!,IAmA,5070
I'm the girl with ovarian cysts whose mother wouldn't let her get treatment. Now that I'm on birth control insurance won't cover it and I don't want to switch since this one seems to work wonderfully. Told my OBGYN and she slipped me six months of free samples. Just wanted to share the joy!,TwoXChromosomes,2583
Behind the back Home Run,sports,5092
PsBattle: Shia LaBeouf Stretching,photoshopbattles,4471
The US is having so many disasters and tragedies,Jokes,5213
